{
  "info": {
    "_postman_id": "2da562a8-69f0-4f83-a20a-980f9fcad28d",
    "name": "New Collection",
    "schema": "https://schema.getpostman.com/json/collection/v2.1.0/collection.json",
    "_exporter_id": "51437198",
    "_collection_link": "https://go.postman.co/collection/51437198-2da562a8-69f0-4f83-a20a-980f9fcad28d?source=collection_link"
  },
  "item": [
    {
      "name": "Create a user (POST)",
      "request": {
        "method": "POST",
        "header": [],
        "body": {
          "mode": "raw",
          "raw": "{\r\n  \"username\": \"mika\",\r\n  \"email\": \"mika@example.com\"\r\n}",
          "options": {
            "raw": {
              "language": "json"
            }
          }
        },
        "url": {
          "raw": "http://127.0.0.1:8000/posts/users/",
          "protocol": "http",
          "host": [
            "127",
            "0",
            "0",
            "1"
          ],
          "port": "8000",
          "path": [
            "posts",
            "users",
            ""
          ]
        }
      },
      "response": []
    },
    {
      "name": "Get all users (GET)",
      "request": {
        "method": "GET",
        "header": [],
        "url": {
          "raw": "http://127.0.0.1:8000/posts/users/",
          "protocol": "http",
          "host": [
            "127",
            "0",
            "0",
            "1"
          ],
          "port": "8000",
          "path": [
            "posts",
            "users",
            ""
          ]
        }
      },
      "response": []
    },
    {
      "name": "Create a post (POST)",
      "request": {
        "method": "POST",
        "header": [],
        "body": {
          "mode": "raw",
          "raw": "{\r\n  \"content\": \"Hello world from Connectly!\",\r\n  \"author\": 1   // use the ID from the user you just created\r\n}",
          "options": {
            "raw": {
              "language": "json"
            }
          }
        },
        "url": {
          "raw": "http://127.0.0.1:8000/posts/posts/",
          "protocol": "http",
          "host": [
            "127",
            "0",
            "0",
            "1"
          ],
          "port": "8000",
          "path": [
            "posts",
            "posts",
            ""
          ]
        }
      },
      "response": []
    }
  ]
}