{
  "info": {
    "_postman_id": "2da562a8-69f0-4f83-a20a-980f9fcad28d",
    "name": "IPT PART 2 (Weeks 4-5) Fundamentals of API Security",
    "schema": "https://schema.getpostman.com/json/collection/v2.1.0/collection.json",
    "_exporter_id": "51437198",
    "_collection_link": "https://go.postman.co/collection/51437198-2da562a8-69f0-4f83-a20a-980f9fcad28d?source=collection_link"
  },
  "item": [
    {
      "name": "Authentication token (login)",
      "request": {
        "method": "POST",
        "header": [],
        "body": {
          "mode": "raw",
          "raw": "{\r\n  \"username\": \"danielle\",   // your superuser username\r\n  \"password\": \"admin\"       // your superuser password\r\n}",
          "options": {
            "raw": {
              "language": "json"
            }
          }
        },
        "url": {
          "raw": "http://127.0.0.1:8000/api-token-auth/",
          "protocol": "http",
          "host": [
            "127",
            "0",
            "0",
            "1"
          ],
          "port": "8000",
          "path": [
            "api-token-auth",
            ""
          ]
        }
      },
      "response": []
    },
    {
      "name": "Endpoint without token",
      "request": {
        "method": "POST",
        "header": [],
        "body": {
          "mode": "raw",
          "raw": "{\r\n  \"username\": \"testuser\",\r\n  \"email\": \"test@example.com\"\r\n}",
          "options": {
            "raw": {
              "language": "json"
            }
          }
        },
        "url": {
          "raw": "http://127.0.0.1:8000/posts/users/",
          "protocol": "http",
          "host": [
            "127",
            "0",
            "0",
            "1"
          ],
          "port": "8000",
          "path": [
            "posts",
            "users",
            ""
          ]
        }
      },
      "response": []
    },
    {
      "name": "Get a fresh token",
      "request": {
        "method": "POST",
        "header": [],
        "body": {
          "mode": "raw",
          "raw": "{\r\n  \"username\": \"danielle\",\r\n  \"password\": \"admin\"\r\n}",
          "options": {
            "raw": {
              "language": "json"
            }
          }
        },
        "url": {
          "raw": "http://127.0.0.1:8000/api-token-auth/",
          "protocol": "http",
          "host": [
            "127",
            "0",
            "0",
            "1"
          ],
          "port": "8000",
          "path": [
            "api-token-auth",
            ""
          ]
        }
      },
      "response": []
    },
    {
      "name": "Create a new user",
      "request": {
        "method": "POST",
        "header": [],
        "body": {
          "mode": "raw",
          "raw": "{\r\n  \"username\": \"danielle\",\r\n  \"password\": \"admin\"\r\n}",
          "options": {
            "raw": {
              "language": "json"
            }
          }
        },
        "url": {
          "raw": "http://127.0.0.1:8000/api-token-auth/",
          "protocol": "http",
          "host": [
            "127",
            "0",
            "0",
            "1"
          ],
          "port": "8000",
          "path": [
            "api-token-auth",
            ""
          ]
        }
      },
      "response": []
    }
  ]
}